generation,individual_id,notebook_type,state,reserved_shot,epochs,validation_split,activation_func,loss_func,optimizer_func,outlier_cutoff,num_conv2d_layers,num_dense_layers,conv2d_neurons,conv2d_size,dense_layer_neurons,max_pooling_size,mape
1,4d8d40c4-e7cd-4339-a729-9e4ed1c5a75b,untrimmed,1,119671,20,0.2,sigmoid,mse,adam,90.0,1,1,[8],"[(4, 4)]",[32],"(2, 2)",7.397778755263067
1,2d1736a6-da9c-4731-aefd-f54c569888ec,untrimmed,3,119671,30,0.25,relu,mae,rmsprop,94.0,2,1,"[8, 32]","[(8, 8), (4, 4)]",[64],"(3, 3)",6.444064664679431
1,4adbb3e3-198a-4246-be1a-31e7c5c6833f,untrimmed,3,119671,40,0.15,relu,mae,adam,80.0,1,3,[16],"[(8, 8)]","[8, 32, 32]","(4, 4)",6.410099889865722
1,f39771b3-87b3-4985-af55-e5654c3ea0b8,untrimmed,3,119671,25,0.3,tanh,mae,sgd,98.0,3,2,"[8, 8, 64]","[(4, 4), (3, 3), (3, 3)]","[64, 8]","(4, 4)",6.490184925725267
1,7e3c3b3f-0858-455e-8609-e61a9e727618,trimmed,3,119671,50,0.15,relu,mae,sgd,96.0,1,1,[64],"[(4, 4)]",[32],"(4, 4)",9.9820311304191
1,fdb691e5-6a5d-4d26-9178-0894e0cd44ec,trimmed,1,119671,30,0.3,relu,mae,rmsprop,96.0,1,1,[32],"[(4, 4)]",[16],"(4, 4)",10.16536188901888
1,e2e9a8cd-5944-4498-9c5c-47c7011ffcfa,trimmed,3,119671,30,0.15,tanh,mae,sgd,86.0,1,3,[64],"[(4, 4)]","[32, 16, 64]","(2, 2)",18.452083729658742
1,d12430f4-0ffc-4398-b520-fd88f2b70883,trimmed,1,119671,10,0.25,sigmoid,mae,sgd,100.0,2,3,"[64, 32]","[(8, 8), (4, 4)]","[8, 8, 8]","(3, 3)",20.938492328134465
1,0b2b7614-a80d-4f47-9ace-de66b3920d68,trimmed,2,114458,40,0.1,relu,mse,sgd,94.0,2,2,"[8, 32]","[(8, 8), (4, 4)]","[16, 8]","(3, 3)",17.46879009541194
1,3cbf8841-a5f6-4f53-a9ac-7e3cd7844ab2,trimmed,2,114458,20,0.3,relu,mae,adam,94.0,2,2,"[16, 8]","[(7, 7), (8, 8)]","[8, 16]","(2, 2)",10.727012375678632
1,7273fd38-531a-496e-9655-f2d54072a220,trimmed,3,114458,10,0.25,tanh,mse,rmsprop,80.0,3,2,"[16, 16, 16]","[(3, 3), (4, 4), (4, 4)]","[8, 32]","(2, 2)",16.57197377046598
1,cd3fae22-dbb7-4c7c-a382-dbb7e37dc7af,untrimmed,1,119671,45,0.1,relu,mse,sgd,80.0,2,1,"[32, 8]","[(3, 3), (3, 3)]",[32],"(3, 3)",3.810247147058924
1,e243a8ee-066a-4fdc-bcd5-88b5092108ec,untrimmed,1,119671,30,0.3,relu,mse,adam,96.0,2,3,"[8, 16]","[(5, 5), (3, 3)]","[32, 16, 32]","(3, 3)",4.3815125854625725
1,37ad3a3a-7cf7-4e7d-a94d-1e6ad6035ae2,untrimmed,3,119671,40,0.1,sigmoid,mse,rmsprop,86.0,2,1,"[64, 16]","[(7, 7), (7, 7)]",[32],"(2, 2)",4.0692469088044
1,93801f9d-277e-4eda-806c-f2b8d057e59c,trimmed,2,114458,45,0.2,sigmoid,mse,rmsprop,82.0,2,1,"[16, 32]","[(7, 7), (4, 4)]",[8],"(4, 4)",18.029378458650832
1,5b1699d1-589b-40e7-91df-33ca445d094c,untrimmed,2,114458,10,0.1,tanh,mse,adam,90.0,3,3,"[8, 8, 8]","[(5, 5), (7, 7), (7, 7)]","[32, 64, 64]","(2, 2)",6.41189061853492
1,881ec6f2-4471-479a-b3b7-5a110234fed9,trimmed,2,114458,20,0.15,sigmoid,mae,rmsprop,82.0,2,2,"[16, 64]","[(7, 7), (3, 3)]","[16, 64]","(4, 4)",17.02498029148228
1,014ec981-aac6-4500-b87e-d57c11c94fd1,untrimmed,2,114458,15,0.15,relu,mae,adam,92.0,1,2,[64],"[(3, 3)]","[16, 16]","(3, 3)",4.43317279258086
1,7b8ee546-abd1-44d7-b0c0-a0f829252325,untrimmed,2,114458,40,0.15,relu,mse,rmsprop,84.0,3,2,"[32, 64, 32]","[(3, 3), (4, 4), (7, 7)]","[64, 8]","(2, 2)",5.0860549399989
1,1ae80327-f89b-4b8f-9249-21d728482ed7,trimmed,2,114458,15,0.25,relu,mse,rmsprop,88.0,2,1,"[8, 32]","[(3, 3), (3, 3)]",[32],"(3, 3)",12.568558654411971
1,a8347b35-416f-47d1-9dca-74f8c4c4b838,untrimmed,1,119671,15,0.25,tanh,mse,sgd,80.0,1,1,[32],"[(7, 7)]",[8],"(4, 4)",6.415783843931997
1,590041b1-2876-4c5e-8bfe-797645e956c0,trimmed,2,114458,25,0.3,sigmoid,mse,rmsprop,94.0,2,1,"[8, 16]","[(4, 4), (3, 3)]",[64],"(3, 3)",15.6716751020459
1,f1788735-b0f9-4623-b2b1-a9d2067c383f,untrimmed,3,119671,50,0.1,relu,mse,sgd,94.0,2,1,"[64, 64]","[(7, 7), (4, 4)]",[32],"(4, 4)",4.075068990649537
1,f676f493-1165-49b1-8244-7e73dcd68cf2,untrimmed,1,119671,50,0.25,tanh,mse,rmsprop,90.0,3,2,"[32, 64, 16]","[(7, 7), (8, 8), (8, 8)]","[64, 16]","(2, 2)",6.442354657537222
1,75a216b2-22a6-42c1-ae2a-d321725eb7b2,untrimmed,2,114458,20,0.15,tanh,mse,adam,98.0,2,2,"[16, 32]","[(4, 4), (8, 8)]","[16, 16]","(3, 3)",6.490900260830099
1,38d893a4-3239-45fe-bebc-7c63d2b35965,untrimmed,3,119671,45,0.2,relu,mse,adam,86.0,2,3,"[64, 8]","[(5, 5), (4, 4)]","[32, 8, 8]","(3, 3)",4.41229086705331
1,92a5efca-e1bd-4e94-b53e-7dab44e3d8e9,untrimmed,2,114458,40,0.3,sigmoid,mae,rmsprop,98.0,2,3,"[16, 8]","[(8, 8), (5, 5)]","[8, 8, 32]","(2, 2)",4.131842412996621
1,15effe14-53e2-439d-80b1-f8b1031d2071,trimmed,3,119671,20,0.3,sigmoid,mae,sgd,86.0,2,3,"[32, 64]","[(3, 3), (5, 5)]","[32, 8, 16]","(2, 2)",19.04884622636524
1,8722cb09-fe76-4745-b59d-e2e07b9a14b8,untrimmed,1,119671,40,0.2,relu,mse,adam,100.0,2,3,"[32, 16]","[(8, 8), (3, 3)]","[8, 32, 8]","(2, 2)",6.429306790399454
1,001b7921-e0f3-4ec9-916c-312ddd4fbb85,trimmed,3,119671,35,0.2,relu,mae,rmsprop,92.0,1,3,[16],"[(7, 7)]","[32, 16, 8]","(2, 2)",14.590905338247756
1,384d212e-77cd-4e63-be21-0bf2d2bd2e56,trimmed,2,114458,10,0.25,relu,mae,rmsprop,90.0,3,2,"[32, 16, 32]","[(4, 4), (7, 7), (8, 8)]","[64, 32]","(3, 3)",10.345699019690304
1,9ad87b6f-39b6-48f3-849a-631a87e6351b,trimmed,1,119671,50,0.1,sigmoid,mse,rmsprop,82.0,3,2,"[8, 32, 8]","[(4, 4), (3, 3), (7, 7)]","[32, 32]","(4, 4)",19.93307279581603
1,f46814ed-1fe8-4358-8002-8ae57a7a8a35,untrimmed,3,114458,20,0.2,sigmoid,mse,adam,90.0,2,1,"[32, 16]","[(8, 8), (3, 3)]",[64],"(2, 2)",3.8808420996324866
1,be97e953-e467-4628-a4c3-3901dfcf4547,trimmed,3,119671,25,0.25,sigmoid,mse,adam,92.0,1,1,[16],"[(4, 4)]",[8],"(3, 3)",16.23709398992158
1,ba9b3896-41b7-45a9-ad10-65a499655676,trimmed,1,119671,25,0.25,relu,mae,sgd,98.0,3,2,"[32, 8, 8]","[(5, 5), (4, 4), (8, 8)]","[64, 8]","(2, 2)",17.756590065534837
1,14734d39-b88e-46c0-9752-82ec8546d814,trimmed,2,114458,35,0.3,tanh,mae,sgd,82.0,1,2,[16],"[(5, 5)]","[32, 16]","(2, 2)",15.051954232803965
1,2cbe1932-fb41-4b58-a62b-2c51f915aab4,untrimmed,2,114458,40,0.1,tanh,mse,adam,90.0,2,3,"[32, 16]","[(5, 5), (5, 5)]","[32, 64, 16]","(2, 2)",4.223892628460012
1,60a07cdc-9d6a-43fa-ab60-4e5a108bd8c9,untrimmed,3,114458,30,0.2,sigmoid,mae,adam,90.0,3,3,"[8, 64, 8]","[(8, 8), (3, 3), (5, 5)]","[16, 16, 64]","(2, 2)",4.544224838219679
1,ae7f02d8-3d57-4d97-9356-0724cb1043bd,untrimmed,3,119671,25,0.15,tanh,mae,rmsprop,94.0,3,1,"[32, 64, 8]","[(7, 7), (3, 3), (4, 4)]",[8],"(2, 2)",6.448274866891106
1,6e7a99e4-56b4-42df-a287-946d42f7eb78,untrimmed,3,119671,35,0.25,relu,mae,rmsprop,90.0,2,2,"[8, 32]","[(4, 4), (8, 8)]","[8, 64]","(4, 4)",4.219337277871485
2,b2680e9a-601d-4c0c-88d5-e5c6510e7ba1,untrimmed,1,119671,45,0.1,relu,mse,sgd,80.0,2,1,"[32, 8]","[(3, 3), (3, 3)]",[32],"(3, 3)",4.599906071919239
2,921b6077-8fac-4115-9933-c7cde30679a2,untrimmed,3,114458,20,0.2,sigmoid,mse,adam,90.0,2,1,"[32, 16]","[(8, 8), (3, 3)]",[64],"(2, 2)",8.238938893413273
2,e560a396-c2c9-4daa-8acf-81013bf80c8f,untrimmed,3,119671,40,0.1,sigmoid,mse,rmsprop,86.0,2,1,"[64, 16]","[(7, 7), (7, 7)]",[32],"(2, 2)",7.573973668068552
2,8840972c-4977-4928-8527-95b8b5fbb7e2,untrimmed,3,119671,50,0.1,relu,mse,sgd,94.0,2,1,"[64, 64]","[(7, 7), (4, 4)]",[32],"(4, 4)",3.7339212872543848
2,ba6041a2-bbbd-4a17-b275-f2897aae904d,untrimmed,2,114458,40,0.3,sigmoid,mae,rmsprop,98.0,2,3,"[16, 8]","[(8, 8), (5, 5)]","[8, 8, 32]","(2, 2)",14.432875488044983
2,0c92f742-50e7-4564-86c9-bdd65f0eb14f,untrimmed,1,119671,20,0.2,sigmoid,mse,adam,90.0,1,1,[8],"[(4, 4)]",[32],"(2, 2)",7.511030475750527
2,0d407731-d044-4d27-9fdd-d042648fb673,untrimmed,3,119671,30,0.25,relu,mae,rmsprop,94.0,2,1,"[8, 32]","[(8, 8), (4, 4)]",[64],"(3, 3)",4.132177553453678
2,d749e4f7-6998-4600-bfea-59e2f7807a98,untrimmed,3,119671,40,0.15,relu,mae,adam,80.0,1,3,[16],"[(8, 8)]","[8, 32, 32]","(4, 4)",3.591948352634431
2,dfc4947a-66c0-4da0-9e3a-cff986b71502,untrimmed,3,119671,25,0.3,tanh,mae,sgd,98.0,3,2,"[8, 8, 64]","[(4, 4), (3, 3), (3, 3)]","[64, 8]","(4, 4)",4.32271488544831
2,2627e145-bc18-486e-a901-68bb81fecd19,trimmed,3,119671,50,0.15,relu,mae,sgd,96.0,1,1,[64],"[(4, 4)]",[32],"(4, 4)",15.605855118310089
2,61f8a8b5-c7f9-4cc3-82aa-f14cb749d3d5,trimmed,1,119671,30,0.3,relu,mae,rmsprop,96.0,1,1,[32],"[(4, 4)]",[16],"(4, 4)",17.149303465914194
2,bc4cb27b-8c1a-404b-afe1-9178326f6330,trimmed,3,119671,30,0.15,tanh,mae,sgd,86.0,1,3,[64],"[(4, 4)]","[32, 16, 64]","(2, 2)",18.754315164469308
2,e15094e7-7931-4fd3-bf7b-90b65a0955fa,trimmed,1,119671,10,0.25,sigmoid,mae,sgd,100.0,2,3,"[64, 32]","[(8, 8), (4, 4)]","[8, 8, 8]","(3, 3)",20.945928584806484
2,93305654-c94c-4217-9c4f-61026c963699,trimmed,2,114458,40,0.1,relu,mse,sgd,94.0,2,2,"[8, 32]","[(8, 8), (4, 4)]","[16, 8]","(3, 3)",12.762811597984838
2,a90865f7-41bc-4ae5-8c16-d46002d2df9f,trimmed,2,114458,20,0.3,relu,mae,adam,94.0,2,2,"[16, 8]","[(7, 7), (8, 8)]","[8, 16]","(2, 2)",11.29858847831921
2,b4379512-b5d1-4ed1-9a81-08108aeb022a,trimmed,3,114458,10,0.25,tanh,mse,rmsprop,80.0,3,2,"[16, 16, 16]","[(3, 3), (4, 4), (4, 4)]","[8, 32]","(2, 2)",16.359336528151662
2,0cd39ab5-e3fd-4f3e-8ef0-07850d1ce8a1,untrimmed,1,119671,30,0.3,relu,mse,adam,96.0,2,3,"[8, 16]","[(5, 5), (3, 3)]","[32, 16, 32]","(3, 3)",4.310370159709969
2,5dd264e5-143d-490b-9361-d4fd85616742,trimmed,2,114458,45,0.2,sigmoid,mse,rmsprop,82.0,2,1,"[16, 32]","[(7, 7), (4, 4)]",[8],"(4, 4)",18.267455636867783
2,4765aed9-ebf7-4c53-ae9d-81a8efd2def9,untrimmed,2,114458,10,0.1,tanh,mse,adam,90.0,3,3,"[8, 8, 8]","[(5, 5), (7, 7), (7, 7)]","[32, 64, 64]","(2, 2)",7.579960045233898
2,a39ad10f-df6a-47d2-a293-5baec979a9a4,trimmed,2,114458,20,0.15,sigmoid,mae,rmsprop,82.0,2,2,"[16, 64]","[(7, 7), (3, 3)]","[16, 64]","(4, 4)",16.59165902190828
2,d2e8a335-bb51-4660-9203-95ffaac7aa3a,untrimmed,2,114458,15,0.15,relu,mae,adam,92.0,1,2,[64],"[(3, 3)]","[16, 16]","(3, 3)",6.030129822236425
2,4607a8a5-35f8-4e2f-80cd-5ff10bddc343,untrimmed,2,114458,40,0.15,relu,mse,rmsprop,84.0,3,2,"[32, 64, 32]","[(3, 3), (4, 4), (7, 7)]","[64, 8]","(2, 2)",7.058011724541774
2,596a00bf-4d49-47f6-8efe-26efe5211bda,trimmed,2,114458,15,0.25,relu,mse,rmsprop,88.0,2,1,"[8, 32]","[(3, 3), (3, 3)]",[32],"(3, 3)",13.00715895112943
2,eab58485-80ef-46b9-86ed-f5fe93f3e5be,untrimmed,1,119671,15,0.25,tanh,mse,sgd,80.0,1,1,[32],"[(7, 7)]",[8],"(4, 4)",4.277292593629271
2,ec90e5d2-569d-4f22-b667-10191043728c,trimmed,2,114458,25,0.3,sigmoid,mse,rmsprop,94.0,2,1,"[8, 16]","[(4, 4), (3, 3)]",[64],"(3, 3)",15.88021187110447
2,62522106-c36b-40a3-a281-81a1f3d79c9b,untrimmed,1,119671,50,0.25,tanh,mse,rmsprop,90.0,3,2,"[32, 64, 16]","[(7, 7), (8, 8), (8, 8)]","[64, 16]","(2, 2)",7.638902236721752
2,ddfc0f0b-0ed2-4037-90db-f199edd761d7,untrimmed,2,114458,20,0.15,tanh,mse,adam,98.0,2,2,"[16, 32]","[(4, 4), (8, 8)]","[16, 16]","(3, 3)",9.03316183162669
2,6008b718-0589-479f-bd2c-cbc867e07696,untrimmed,3,119671,45,0.2,relu,mse,adam,86.0,2,3,"[64, 8]","[(5, 5), (4, 4)]","[32, 8, 8]","(3, 3)",3.7938521854919345
2,e364e72a-4b06-4441-8788-f922a1e6a79d,trimmed,3,119671,20,0.3,sigmoid,mae,sgd,86.0,2,3,"[32, 64]","[(3, 3), (5, 5)]","[32, 8, 16]","(2, 2)",19.032290747622664
2,8bd3e1f7-8fad-41cb-b24b-a671786b4ac4,untrimmed,1,119671,40,0.2,relu,mse,adam,100.0,2,3,"[32, 16]","[(8, 8), (3, 3)]","[8, 32, 8]","(2, 2)",4.889355033311512
2,75490a4f-506e-494f-b224-4abb8aa77d41,trimmed,3,119671,35,0.2,relu,mae,rmsprop,92.0,1,3,[16],"[(7, 7)]","[32, 16, 8]","(2, 2)",14.182022709527716
2,0f994543-5eb4-48c7-be80-feefba37e06d,trimmed,2,114458,10,0.25,relu,mae,rmsprop,90.0,3,2,"[32, 16, 32]","[(4, 4), (7, 7), (8, 8)]","[64, 32]","(3, 3)",11.775846498211544
2,eb088032-6a82-4b14-9ee1-fc1a51822a89,trimmed,1,119671,50,0.1,sigmoid,mse,rmsprop,82.0,3,2,"[8, 32, 8]","[(4, 4), (3, 3), (7, 7)]","[32, 32]","(4, 4)",19.84700570967348
2,9e72770c-ccfe-4ead-9c04-3dbaa1427512,trimmed,3,119671,25,0.25,sigmoid,mse,adam,92.0,1,1,[16],"[(4, 4)]",[8],"(3, 3)",16.556941479566905
2,e7ac9caa-a7e3-4831-9103-003607ea3d73,trimmed,1,119671,25,0.25,relu,mae,sgd,98.0,3,2,"[32, 8, 8]","[(5, 5), (4, 4), (8, 8)]","[64, 8]","(2, 2)",19.78372460082991
2,120a784f-7598-4719-9363-de0ded8487f5,trimmed,2,114458,35,0.3,tanh,mae,sgd,82.0,1,2,[16],"[(5, 5)]","[32, 16]","(2, 2)",14.090556328851836
2,6168387c-f17f-45ff-b0cf-76906fabb8b3,untrimmed,2,114458,40,0.1,tanh,mse,adam,90.0,2,3,"[32, 16]","[(5, 5), (5, 5)]","[32, 64, 16]","(2, 2)",15.940508148018434
2,56ef08bf-b3f2-45a0-83d3-9f877c94f498,untrimmed,3,114458,30,0.2,sigmoid,mae,adam,90.0,3,3,"[8, 64, 8]","[(8, 8), (3, 3), (5, 5)]","[16, 16, 64]","(2, 2)",15.208622451423192
2,889efebc-f9a5-4088-a313-e4b987d86f92,untrimmed,3,119671,25,0.15,tanh,mae,rmsprop,94.0,3,1,"[32, 64, 8]","[(7, 7), (3, 3), (4, 4)]",[8],"(2, 2)",4.437444851080054
2,df83331d-c7ef-4122-98d0-7ed9c9bfa990,untrimmed,3,119671,35,0.25,relu,mae,rmsprop,90.0,2,2,"[8, 32]","[(4, 4), (8, 8)]","[8, 64]","(4, 4)",3.7401048312635528
