generation,individual_id,notebook_type,state,reserved_shot,epochs,validation_split,activation_func,loss_func,optimizer_func,outlier_cutoff,num_conv2d_layers,num_dense_layers,conv2d_neurons,conv2d_size,dense_layer_neurons,max_pooling_size,early_stopping_patience,early_stopping_min_delta,mape
1,e657d6af-7696-436a-adbe-6d68ed4042db,trimmed,2,114458,10,0.3,sigmoid,mse,sgd,98.0,2,1,"[32, 16]","[(3, 3), (3, 3)]",[64],"(2, 2)",25,0.005,19.2775404642155
1,9930a0a2-50ff-4811-84c0-c27a306278de,trimmed,2,114458,25,0.1,sigmoid,mse,adam,84.0,2,1,"[16, 8]","[(4, 4), (3, 3)]",[64],"(3, 3)",20,0.005,16.83192961516041
1,68130b71-67b2-4722-9606-060f2e50ecf8,trimmed,2,114458,15,0.25,sigmoid,mse,sgd,90.0,2,3,"[32, 64]","[(5, 5), (3, 3)]","[16, 64, 8]","(3, 3)",15,0.005,18.12936323794318
1,e62f551b-f022-4ad2-8155-9a9be5a254bc,untrimmed,2,114458,30,0.1,relu,mae,adam,94.0,2,2,"[8, 16]","[(7, 7), (5, 5)]","[8, 8]","(2, 2)",15,0.05,8.724420130652545
1,c55e1524-3c22-4a51-aaee-a47e963dd7dd,trimmed,2,114458,30,0.3,sigmoid,mse,rmsprop,92.0,3,3,"[32, 64, 32]","[(8, 8), (8, 8), (5, 5)]","[32, 32, 32]","(4, 4)",5,0.01,18.4524611274764
1,fc25ee63-cab2-4f34-b77b-fb30e0f78dac,trimmed,2,114458,15,0.2,sigmoid,mse,rmsprop,90.0,3,1,"[64, 32, 8]","[(5, 5), (7, 7), (3, 3)]",[32],"(4, 4)",25,0.02,18.229318349386055
1,825e48e0-9db4-4635-8605-ca5c6bca1832,trimmed,2,114458,35,0.1,sigmoid,mae,rmsprop,98.0,1,1,[64],"[(5, 5)]",[16],"(2, 2)",25,0.001,20.03945192806613
1,e2d76e4d-c49b-438e-b23d-8885c9b2059c,trimmed,2,114458,15,0.3,relu,mse,sgd,92.0,1,1,[64],"[(4, 4)]",[16],"(2, 2)",25,0.01,18.532625290503223
1,3d90fbf0-5e21-475c-a708-9164f93105c1,untrimmed,2,114458,25,0.15,relu,mse,adam,92.0,3,2,"[32, 32, 8]","[(7, 7), (5, 5), (7, 7)]","[16, 64]","(2, 2)",10,0.05,10.263955680960677
1,ac029d97-f622-419c-932b-4dd4560f03f8,trimmed,2,114458,10,0.2,sigmoid,mse,rmsprop,92.0,1,3,[8],"[(7, 7)]","[32, 32, 8]","(3, 3)",5,0.05,18.397369519437177
1,1f7a3f3b-a648-45c8-b1dd-3775b7d12568,untrimmed,2,114458,25,0.1,relu,mae,sgd,82.0,1,2,[64],"[(5, 5)]","[16, 64]","(3, 3)",10,0.02,7.423563116211719
1,18eb7d33-4bf2-49e6-8868-ba5a008b2aca,trimmed,2,114458,35,0.15,sigmoid,mae,rmsprop,100.0,1,3,[64],"[(7, 7)]","[8, 8, 8]","(2, 2)",5,0.02,21.86431977824153
1,329d2af3-4ee0-4ff4-9a1a-48fbf577d667,trimmed,2,114458,20,0.2,tanh,mse,rmsprop,98.0,3,3,"[32, 8, 8]","[(7, 7), (3, 3), (7, 7)]","[64, 16, 32]","(4, 4)",30,0.005,19.34610446516978
1,54734414-9bb9-4634-b301-42bb6285ff3f,untrimmed,2,114458,15,0.25,sigmoid,mae,rmsprop,80.0,1,3,[64],"[(8, 8)]","[8, 16, 32]","(2, 2)",30,0.05,14.642583296275733
1,2cf9cca9-5008-4072-aecc-009da15111f0,untrimmed,2,114458,20,0.2,tanh,mse,rmsprop,86.0,1,1,[8],"[(7, 7)]",[64],"(4, 4)",10,0.005,9.161097494485333
1,d1fe7e89-d017-4599-9774-0770f963d069,trimmed,2,114458,30,0.2,tanh,mse,adam,100.0,3,3,"[32, 32, 8]","[(7, 7), (5, 5), (3, 3)]","[8, 8, 64]","(2, 2)",20,0.05,21.61006152064462
1,4b48f8c8-c659-4a5d-ab15-458b422402b0,trimmed,2,114458,10,0.1,tanh,mse,sgd,86.0,1,3,[16],"[(3, 3)]","[32, 16, 8]","(3, 3)",25,0.005,17.503821963400707
1,ef7fb052-4ea3-4a7f-8cdd-b85c808f9a53,untrimmed,2,114458,25,0.3,sigmoid,mse,sgd,96.0,3,3,"[64, 8, 8]","[(4, 4), (4, 4), (7, 7)]","[16, 32, 64]","(3, 3)",10,0.01,17.040184013435997
1,429926e6-fb70-42b4-983a-e6ddb87ac504,untrimmed,2,114458,25,0.15,sigmoid,mae,adam,86.0,3,1,"[16, 32, 32]","[(3, 3), (3, 3), (4, 4)]",[8],"(4, 4)",15,0.02,8.041884564981778
1,e3b0b3d3-37b7-432d-a5ab-ae0446baf7bd,untrimmed,2,114458,15,0.1,sigmoid,mse,sgd,84.0,1,3,[8],"[(5, 5)]","[16, 32, 32]","(3, 3)",20,0.001,15.890828114772507
1,394df102-8eb4-4ad7-92db-a59c01cdf1a7,untrimmed,2,114458,30,0.15,sigmoid,mae,rmsprop,88.0,1,1,[8],"[(5, 5)]",[32],"(3, 3)",30,0.01,8.348954010972946
1,b6de50d1-de9c-4f5a-8d2f-7773e95e478f,trimmed,2,114458,20,0.1,tanh,mse,adam,88.0,1,2,[16],"[(4, 4)]","[8, 8]","(2, 2)",10,0.05,17.585256366485847
1,94ba179e-6761-445d-9d6e-9cd49cc25ed5,untrimmed,2,114458,10,0.2,tanh,mae,rmsprop,98.0,2,3,"[16, 64]","[(7, 7), (4, 4)]","[16, 8, 16]","(4, 4)",15,0.02,7.380402315878058
1,13214993-debb-4ce5-a97b-83f59570cfa8,trimmed,2,114458,30,0.25,sigmoid,mae,sgd,96.0,2,3,"[32, 16]","[(4, 4), (5, 5)]","[16, 16, 64]","(4, 4)",25,0.001,19.445262953833797
1,32ad7acb-01ad-4f3f-b4fc-45cdc0c54eb4,trimmed,2,114458,30,0.25,tanh,mae,adam,82.0,2,2,"[32, 32]","[(3, 3), (7, 7)]","[8, 16]","(4, 4)",5,0.02,16.58007112788748
1,fbdc75f2-77e1-4f6a-beb6-4157b0babee2,untrimmed,2,114458,20,0.1,tanh,mse,rmsprop,96.0,1,2,[32],"[(8, 8)]","[8, 64]","(3, 3)",20,0.05,12.653709820766878
1,24648ab9-0049-4637-8333-6e563bbe1217,untrimmed,2,114458,20,0.15,relu,mae,sgd,80.0,1,1,[16],"[(5, 5)]",[16],"(3, 3)",30,0.01,7.505869631141401
1,91ce569e-1527-4c1b-b542-3e833fd336b0,trimmed,2,114458,10,0.25,relu,mse,rmsprop,82.0,1,3,[16],"[(8, 8)]","[8, 32, 64]","(2, 2)",25,0.02,17.783058386363564
1,ac757c8b-f8a9-4aab-bcba-6ae6a37a9ff6,untrimmed,2,114458,20,0.25,sigmoid,mse,adam,80.0,3,3,"[32, 32, 64]","[(3, 3), (7, 7), (7, 7)]","[32, 16, 64]","(2, 2)",10,0.02,15.760377800689621
1,b32b3795-7bc1-479c-8a2f-5c9610f8e5cc,untrimmed,2,114458,30,0.1,tanh,mse,adam,92.0,1,3,[64],"[(8, 8)]","[16, 16, 16]","(4, 4)",15,0.005,7.268853846196452
1,f616f550-74c9-4803-bd49-a19bdcce2ad3,trimmed,2,114458,15,0.2,relu,mse,sgd,100.0,2,2,"[8, 64]","[(7, 7), (3, 3)]","[32, 16]","(2, 2)",10,0.02,21.80958834735979
1,8fb3f88a-799e-4544-b69d-25315e361e5d,trimmed,2,114458,20,0.25,tanh,mae,rmsprop,92.0,1,1,[8],"[(8, 8)]",[32],"(4, 4)",25,0.001,18.127310539011372
1,c9d63ef0-f314-4805-ab23-a3d227512929,untrimmed,2,114458,35,0.1,relu,mae,sgd,96.0,3,3,"[32, 8, 64]","[(7, 7), (5, 5), (7, 7)]","[8, 64, 32]","(2, 2)",15,0.01,8.032176040984867
1,01ab3de8-24c6-4d76-b039-554122d52619,untrimmed,2,114458,35,0.1,sigmoid,mse,adam,98.0,3,3,"[8, 32, 8]","[(7, 7), (5, 5), (7, 7)]","[16, 16, 64]","(2, 2)",5,0.02,15.731265574353548
1,531b3d7d-5c16-4ce4-be0e-2e35abc8b9ad,trimmed,2,114458,15,0.25,sigmoid,mse,sgd,80.0,3,2,"[8, 16, 8]","[(3, 3), (4, 4), (7, 7)]","[64, 64]","(2, 2)",5,0.01,16.37894004594345
1,26749faf-a5d4-4df8-b128-6178c6f9c835,untrimmed,2,114458,35,0.3,relu,mae,rmsprop,90.0,3,2,"[64, 64, 8]","[(7, 7), (4, 4), (4, 4)]","[8, 16]","(2, 2)",5,0.005,6.040864264131687
1,5ee4785a-c175-4086-8509-b47729b32326,untrimmed,2,114458,25,0.2,sigmoid,mse,rmsprop,86.0,2,1,"[16, 32]","[(4, 4), (7, 7)]",[16],"(3, 3)",30,0.01,16.038138301029953
1,80aec7dc-9d2c-4788-9536-cf239a15c673,untrimmed,2,114458,35,0.3,tanh,mse,adam,82.0,1,2,[32],"[(5, 5)]","[32, 32]","(3, 3)",20,0.02,8.170451113095428
1,db6634e2-f88d-43cd-ab95-8674e62a4d46,untrimmed,2,114458,35,0.2,sigmoid,mae,adam,86.0,1,3,[32],"[(3, 3)]","[16, 32, 64]","(4, 4)",15,0.001,14.53168137877471
1,561bb2f7-54fa-490c-ac6b-32cb18ee16c7,trimmed,2,114458,35,0.3,relu,mae,adam,86.0,3,2,"[8, 16, 32]","[(3, 3), (7, 7), (3, 3)]","[64, 32]","(3, 3)",20,0.01,17.55117928530297
1,862f9d72-2502-4e19-9011-e4fef6ea29ba,trimmed,2,114458,30,0.25,tanh,mae,sgd,84.0,3,3,"[64, 8, 64]","[(5, 5), (7, 7), (8, 8)]","[64, 64, 64]","(4, 4)",5,0.005,16.6144595321159
1,6eaf7d8e-58ca-4b88-80d3-948de4fdabec,trimmed,2,114458,20,0.3,tanh,mse,rmsprop,84.0,1,3,[16],"[(7, 7)]","[16, 32, 16]","(4, 4)",15,0.01,16.755770362792436
1,9e4ef232-4737-4491-a2d5-7fa011fecefe,untrimmed,2,114458,35,0.3,sigmoid,mae,sgd,90.0,2,2,"[16, 16]","[(8, 8), (8, 8)]","[64, 64]","(3, 3)",20,0.01,14.496327105046555
1,03846466-63f0-49f9-a865-f025f710471d,untrimmed,2,114458,35,0.25,sigmoid,mse,adam,94.0,1,3,[16],"[(8, 8)]","[16, 32, 64]","(4, 4)",10,0.05,16.065376659682602
1,3831bc78-e269-4bbd-982e-0ee99962ed7a,trimmed,2,114458,20,0.3,relu,mae,adam,100.0,3,3,"[64, 32, 64]","[(8, 8), (3, 3), (7, 7)]","[64, 64, 32]","(4, 4)",5,0.01,22.149999111217475
1,5c7f419f-a18c-4563-94ad-63dac2e8bd2e,trimmed,2,114458,30,0.3,relu,mse,rmsprop,96.0,2,3,"[16, 64]","[(8, 8), (7, 7)]","[64, 32, 64]","(2, 2)",20,0.005,18.079300423581564
1,462d95ec-dca7-4586-8e59-3b1d17d7bbd4,untrimmed,2,114458,35,0.1,tanh,mse,sgd,94.0,1,2,[8],"[(8, 8)]","[32, 64]","(2, 2)",20,0.001,10.45605674202095
1,7ca31d47-c5ff-41f7-934d-98477c0b817d,trimmed,2,114458,35,0.15,relu,mse,rmsprop,98.0,2,2,"[32, 64]","[(7, 7), (4, 4)]","[16, 32]","(4, 4)",15,0.005,19.286165033661213
1,41286ad1-d431-40fd-a6ab-9ccd449f0ac1,trimmed,2,114458,35,0.3,tanh,mse,rmsprop,92.0,2,2,"[8, 32]","[(5, 5), (4, 4)]","[32, 64]","(3, 3)",15,0.001,18.06925621960821
1,076a7a09-bd14-4266-9456-727b93fd2b09,trimmed,2,114458,35,0.3,tanh,mae,rmsprop,96.0,1,1,[8],"[(7, 7)]",[16],"(4, 4)",25,0.001,19.140231479138798
2,9b1c9a76-84b7-4694-9b92-da0e9071a9e4,untrimmed,2,114458,10,0.2,tanh,mae,rmsprop,98.0,2,3,"[16, 64]","[(7, 7), (4, 4)]","[16, 8, 16]","(4, 4)",15,0.02,6.590115443521008
2,239d49c1-85b6-44c0-9fba-ee7608106685,untrimmed,2,114458,20,0.15,relu,mae,sgd,80.0,1,1,[16],"[(5, 5)]",[16],"(3, 3)",30,0.01,7.6542438082391
2,d680a55b-852a-453c-9c4a-b0a3a10b4336,untrimmed,2,114458,25,0.1,relu,mae,sgd,82.0,1,2,[64],"[(5, 5)]","[16, 64]","(3, 3)",10,0.02,7.308830564365188
2,4e2d0f76-0b4f-4af2-bd83-1389c9bc17c9,untrimmed,2,114458,30,0.1,tanh,mse,adam,92.0,1,3,[64],"[(8, 8)]","[16, 16, 16]","(4, 4)",15,0.005,7.194963394475584
2,a86f1ff1-bbb8-4918-aa43-c35103369342,untrimmed,2,114458,25,0.1,relu,mse,adam,92.0,1,3,[64],"[(8, 8)]","[16, 64, 8]","(3, 3)",10,0.02,8.488890601914195
2,95bec430-f68d-46ec-87d3-88eff5a0ed6e,untrimmed,2,114458,35,0.3,relu,mae,rmsprop,90.0,3,2,"[64, 64, 8]","[(7, 7), (4, 4), (4, 4)]","[8, 16]","(2, 2)",5,0.005,6.853103813524493
2,f12593d0-2474-43fc-8369-94d06aff7961,untrimmed,2,114458,35,0.1,relu,mae,sgd,96.0,3,3,"[32, 8, 64]","[(7, 7), (5, 5), (7, 7)]","[8, 64, 32]","(2, 2)",15,0.01,7.834597897645888
2,09b786f4-65bf-40ab-881e-54c14354e548,untrimmed,2,114458,25,0.1,relu,mae,sgd,82.0,3,2,"[64, 32, 64]","[(5, 5), (3, 3), (7, 7)]","[16, 64]","(2, 2)",15,0.02,6.732958485866511
2,769cb370-e17d-40e5-9179-45b39165182a,untrimmed,2,114458,35,0.3,relu,mae,rmsprop,90.0,3,3,"[32, 64, 8]","[(7, 7), (4, 4), (4, 4)]","[8, 16, 32]","(2, 2)",5,0.005,6.332561644338387
2,1beec0c6-006a-4032-a486-6695339678cf,untrimmed,2,114458,35,0.1,relu,mae,sgd,96.0,1,2,[32],"[(7, 7)]","[8, 64]","(3, 3)",15,0.01,7.076690009959396
2,dcf4bc99-36d6-48cf-a1e7-76cb1e4a76e5,untrimmed,2,114458,20,0.15,relu,mse,adam,92.0,1,1,[16],"[(5, 5)]",[16],"(3, 3)",15,0.01,7.284862149983705
2,719b84c2-c6f0-42f0-9bac-b566af64cbe1,untrimmed,2,114458,20,0.15,relu,mae,rmsprop,90.0,1,2,[64],"[(7, 7)]","[8, 16]","(2, 2)",30,0.005,7.966778108070689
2,23f22094-b2c9-4fa6-ba9d-299b4d73586b,untrimmed,2,114458,30,0.1,tanh,mae,adam,96.0,3,3,"[32, 8, 64]","[(7, 7), (5, 5), (7, 7)]","[8, 64, 32]","(2, 2)",15,0.005,5.711342676131502
2,5594b5b1-de20-4c42-9db6-34bb3e701ffe,untrimmed,2,114458,25,0.15,relu,mae,sgd,82.0,1,1,[64],"[(5, 5)]",[16],"(3, 3)",30,0.01,7.0283928023912425
2,2d476038-d6d3-435b-a8ea-576de91050ed,untrimmed,2,114458,10,0.3,tanh,mae,rmsprop,98.0,2,2,"[64, 64]","[(7, 7), (4, 4)]","[16, 16]","(4, 4)",5,0.02,7.882884331585176
2,9e93119e-9938-484f-9e62-d4389a7bc908,untrimmed,2,114458,30,0.2,tanh,mse,adam,92.0,2,3,"[64, 64]","[(8, 8), (4, 4)]","[16, 8, 16]","(4, 4)",15,0.02,7.276362994542504
2,fa36fb0c-d648-4ac4-994e-1a56b615f092,untrimmed,2,114458,25,0.1,relu,mse,sgd,82.0,1,2,[16],"[(5, 5)]","[16, 8]","(3, 3)",10,0.02,9.388419869876993
2,3114b58c-2ac7-46fe-a4dc-de77847437d4,untrimmed,2,114458,25,0.3,relu,mae,rmsprop,90.0,3,2,"[64, 64, 8]","[(5, 5), (4, 4), (4, 4)]","[16, 16]","(2, 2)",5,0.005,6.391552203584773
2,54431f8f-8fb9-4bb6-b68f-03b65dc6aa16,untrimmed,2,114458,25,0.1,relu,mae,sgd,96.0,3,3,"[64, 16, 64]","[(5, 5), (5, 5), (7, 7)]","[16, 64, 32]","(3, 3)",10,0.01,7.369334335417232
2,5a58b4a2-d80f-451f-bbe5-ded1893a2cfc,untrimmed,2,114458,30,0.2,tanh,mae,rmsprop,92.0,1,3,[64],"[(8, 8)]","[16, 8, 16]","(4, 4)",15,0.02,7.091137400260205
2,f61dd585-7ae2-4a7c-8e82-e6e0cb59f9c5,untrimmed,2,114458,30,0.1,tanh,mse,adam,92.0,1,3,[64],"[(8, 8)]","[16, 8, 16]","(4, 4)",15,0.02,9.597875741782822
2,4d62706a-3686-4df6-bb7c-2cecbadcd998,untrimmed,2,114458,10,0.1,tanh,mae,sgd,82.0,1,3,[16],"[(7, 7)]","[16, 8, 16]","(3, 3)",15,0.02,11.810416683086732
2,76f2f584-ec07-4592-98d6-6ee3c15313fc,untrimmed,2,114458,30,0.1,relu,mse,sgd,82.0,1,3,[64],"[(5, 5)]","[16, 16, 64]","(3, 3)",15,0.02,7.71175252435229
2,1af1babb-0af5-46c0-a4d8-dbd52d30ffc0,untrimmed,2,114458,25,0.1,relu,mae,sgd,96.0,1,3,[32],"[(7, 7)]","[16, 64, 32]","(3, 3)",15,0.02,6.873501330773485
2,05b2024e-4573-48ed-9719-53301095ae4b,untrimmed,2,114458,20,0.15,relu,mae,sgd,80.0,1,2,[64],"[(5, 5)]","[16, 64]","(3, 3)",30,0.01,7.304453616573917
2,1d89063c-f34c-4fab-8ddb-f62095f15741,untrimmed,2,114458,25,0.1,tanh,mse,sgd,82.0,1,3,[64],"[(8, 8)]","[16, 64, 64]","(4, 4)",15,0.02,10.276222546250011
2,698419eb-0bb1-4850-a9e5-2a02094c7b80,untrimmed,2,114458,25,0.1,relu,mae,sgd,92.0,1,2,[64],"[(5, 5)]","[16, 64]","(3, 3)",10,0.005,7.3965117792473185
2,640fe801-2faa-47ce-97d3-6a875f1f0d57,untrimmed,2,114458,35,0.15,relu,mae,sgd,80.0,1,1,[64],"[(7, 7)]",[8],"(2, 2)",30,0.01,7.518296684325859
2,4748b5a3-aa81-4195-8e25-8eb5005c1bb9,untrimmed,2,114458,35,0.1,tanh,mae,rmsprop,98.0,3,3,"[32, 64, 64]","[(7, 7), (4, 4), (7, 7)]","[8, 8, 32]","(4, 4)",15,0.02,6.5717964340584025
2,235ba792-074e-4d55-a14b-ec5571ea55c4,untrimmed,2,114458,35,0.1,relu,mae,sgd,98.0,3,3,"[16, 64, 64]","[(7, 7), (4, 4), (8, 8)]","[16, 64, 32]","(2, 2)",15,0.01,6.647322189098738
2,61051f80-ca9f-49c1-9401-5a2922e62962,untrimmed,2,114458,25,0.1,relu,mse,adam,92.0,1,3,[64],"[(8, 8)]","[16, 16, 16]","(3, 3)",15,0.005,8.412589741381268
2,3bed7d0b-0ffc-47d4-9014-489ea8d71050,untrimmed,2,114458,35,0.3,relu,mae,sgd,90.0,1,1,[16],"[(5, 5)]",[16],"(2, 2)",5,0.01,7.29646480905388
2,f7a0b433-ff59-4911-aba2-d79349ca7381,untrimmed,2,114458,35,0.1,relu,mae,sgd,80.0,3,1,"[16, 8, 16]","[(5, 5), (5, 5), (8, 8)]",[8],"(2, 2)",30,0.01,6.82966236622283
2,48e9ff34-4f03-4b8a-8b25-13eec5aa3ac9,untrimmed,2,114458,20,0.15,relu,mae,sgd,80.0,1,2,[16],"[(5, 5)]","[16, 64]","(3, 3)",30,0.02,7.595766597213297
2,446db0d3-8768-4e6b-8b3f-8520ce03da66,untrimmed,2,114458,20,0.15,relu,mae,sgd,82.0,1,2,[16],"[(5, 5)]","[16, 64]","(3, 3)",10,0.01,7.323200701078246
2,d1c2bbd8-f772-4c0d-824f-bc85ce635264,untrimmed,2,114458,30,0.1,tanh,mae,sgd,80.0,1,3,[16],"[(5, 5)]","[16, 64, 32]","(3, 3)",15,0.01,8.707335628382886
2,b20220ea-69b6-415f-90bb-9f3557aa189f,untrimmed,2,114458,10,0.3,tanh,mae,rmsprop,90.0,3,3,"[16, 64, 64]","[(7, 7), (4, 4), (4, 4)]","[16, 8, 8]","(4, 4)",15,0.005,6.751771319033953
2,408ef7a8-492b-45b8-b16a-9ab8ccce232c,untrimmed,2,114458,30,0.1,tanh,mae,adam,90.0,1,3,[64],"[(8, 8)]","[16, 16, 16]","(2, 2)",5,0.005,6.948169425102602
2,d591e81c-e200-4e30-b8e1-2369fa56df52,untrimmed,2,114458,35,0.3,relu,mae,sgd,90.0,1,2,[64],"[(7, 7)]","[8, 16]","(3, 3)",5,0.01,8.172112693524014
2,0c82301c-8d20-4b2b-80b3-3bf148fe6eab,untrimmed,2,114458,35,0.15,relu,mae,sgd,96.0,1,1,[16],"[(5, 5)]",[16],"(3, 3)",15,0.01,6.785511074925754
2,82bc5b3d-9f37-4e39-ac1f-e7d7d8bf45e2,untrimmed,2,114458,10,0.3,tanh,mae,rmsprop,90.0,2,2,"[64, 64]","[(7, 7), (4, 4)]","[16, 16]","(4, 4)",5,0.005,7.711628614398141
2,d11ffcc7-6ba3-4ae0-9b5b-9472ff447cca,untrimmed,2,114458,25,0.1,relu,mae,rmsprop,82.0,1,3,[64],"[(5, 5)]","[16, 8, 16]","(3, 3)",15,0.02,8.169171845259196
2,5492c377-450b-41db-8918-cdc0432eae79,untrimmed,2,114458,35,0.3,relu,mae,sgd,96.0,3,2,"[64, 8, 8]","[(7, 7), (5, 5), (4, 4)]","[8, 64]","(2, 2)",15,0.01,7.9085388145835624
2,05672209-d0d6-4b5d-b917-0cb8e199a3be,untrimmed,2,114458,10,0.2,relu,mae,rmsprop,80.0,1,1,[16],"[(7, 7)]",[16],"(4, 4)",15,0.02,6.872941565978221
2,dc9e07de-29e7-4bd6-91bf-cd0e47c4577a,untrimmed,2,114458,20,0.15,tanh,mae,rmsprop,80.0,2,1,"[16, 8]","[(7, 7), (7, 7)]",[16],"(3, 3)",15,0.01,6.2251342630562965
2,8bf6538a-88a8-4aa1-91c3-b89e44b81e39,untrimmed,2,114458,35,0.1,relu,mae,sgd,96.0,1,3,[32],"[(7, 7)]","[8, 64, 32]","(2, 2)",10,0.01,8.019839769112085
2,890ed9f5-3ed3-4bf7-a87c-759eb2fc526f,untrimmed,2,114458,10,0.1,tanh,mae,sgd,82.0,1,2,[64],"[(5, 5)]","[16, 8]","(4, 4)",15,0.02,12.6569826290966
2,e2e25548-1419-4e8e-922b-47e864774601,untrimmed,2,114458,35,0.1,tanh,mae,sgd,96.0,2,3,"[16, 64]","[(7, 7), (4, 4)]","[16, 64, 16]","(2, 2)",15,0.01,8.197461987531467
2,bad2ac72-a75c-44f3-b4e0-8c20ff4e2457,untrimmed,2,114458,35,0.3,tanh,mae,rmsprop,92.0,3,3,"[64, 64, 8]","[(8, 8), (4, 4), (3, 3)]","[8, 16, 16]","(4, 4)",15,0.005,5.637194660096501
2,52bf400f-a44c-4cd1-b393-50f6f145029c,untrimmed,2,114458,35,0.1,relu,mae,sgd,96.0,2,3,"[32, 64]","[(7, 7), (4, 4)]","[8, 64, 32]","(4, 4)",15,0.02,7.6649221128020795
3,99cd83a0-d628-4049-8b3a-3f0bc4f8dae2,untrimmed,2,114458,20,0.15,tanh,mae,rmsprop,80.0,2,1,"[16, 8]","[(7, 7), (7, 7)]",[16],"(3, 3)",15,0.01,6.349829746479778
3,23c77828-8b48-4760-9ffe-3142d53bff84,untrimmed,2,114458,25,0.3,relu,mae,rmsprop,90.0,3,2,"[64, 64, 8]","[(5, 5), (4, 4), (4, 4)]","[16, 16]","(2, 2)",5,0.005,7.149809526073982
3,594d1398-82f1-49d8-9fc4-181ba591708f,untrimmed,2,114458,35,0.3,relu,mae,rmsprop,90.0,3,3,"[32, 64, 8]","[(7, 7), (4, 4), (4, 4)]","[8, 16, 32]","(2, 2)",5,0.005,6.295594484139066
3,d137ec6e-46cf-4c81-8389-f999c56d6047,untrimmed,2,114458,35,0.1,tanh,mae,rmsprop,98.0,3,3,"[32, 64, 64]","[(7, 7), (4, 4), (7, 7)]","[8, 8, 32]","(4, 4)",15,0.02,6.763012563919698
3,0db45127-08c3-4df7-af59-edf5c2d76d19,untrimmed,2,114458,30,0.1,tanh,mae,adam,96.0,3,3,"[32, 8, 64]","[(7, 7), (5, 5), (7, 7)]","[8, 64, 32]","(2, 2)",15,0.005,5.665954480998019
3,7304a37f-07a7-4950-ac0c-c4c23ad39298,untrimmed,2,114458,35,0.3,tanh,mae,rmsprop,92.0,3,3,"[64, 64, 8]","[(8, 8), (4, 4), (3, 3)]","[8, 16, 16]","(4, 4)",15,0.005,6.365750401068232
3,eaf7f73d-8d27-4ab2-989a-5bd81fe683f9,untrimmed,2,114458,25,0.1,relu,mae,rmsprop,90.0,3,3,"[32, 64, 64]","[(7, 7), (4, 4), (7, 7)]","[8, 16, 32]","(2, 2)",5,0.02,8.884729720684344
3,cdb97bac-454f-4961-9304-fd3a48abff4a,untrimmed,2,114458,35,0.3,tanh,mae,rmsprop,92.0,3,3,"[32, 64, 8]","[(7, 7), (4, 4), (3, 3)]","[8, 16, 16]","(4, 4)",15,0.005,6.173894807960076
3,b24d3618-551d-472f-8ef1-5cb95bb546c6,untrimmed,2,114458,35,0.1,tanh,mae,adam,98.0,3,3,"[32, 64, 64]","[(7, 7), (4, 4), (7, 7)]","[8, 8, 32]","(4, 4)",15,0.005,5.450044766114801
3,3133858f-a802-4834-aced-890093acf793,untrimmed,2,114458,20,0.15,tanh,mae,rmsprop,80.0,2,3,"[64, 8]","[(8, 8), (7, 7)]","[16, 32, 8]","(3, 3)",15,0.01,6.726443388444406
3,ff762cf4-ed8d-4754-abed-cfddcaa4714c,untrimmed,2,114458,35,0.3,tanh,mae,rmsprop,96.0,3,3,"[32, 64, 8]","[(7, 7), (4, 4), (4, 4)]","[8, 16, 32]","(2, 2)",5,0.005,5.729706881707036
3,36cf5cce-33a7-4745-9caa-157a610d4559,untrimmed,2,114458,30,0.1,tanh,mae,adam,98.0,3,3,"[32, 64, 64]","[(7, 7), (4, 4), (7, 7)]","[8, 8, 32]","(4, 4)",15,0.02,6.993180956746306
3,eb38f54e-f20a-441c-b4f8-0c017a867fff,untrimmed,2,114458,35,0.3,tanh,mae,rmsprop,92.0,3,3,"[64, 64, 8]","[(8, 8), (4, 4), (4, 4)]","[8, 16, 16]","(4, 4)",15,0.005,5.547782881915034
3,549d9a58-cd66-4bcd-b3c5-b314602b6215,untrimmed,2,114458,35,0.3,tanh,mae,rmsprop,80.0,3,3,"[16, 64, 16]","[(7, 7), (4, 4), (3, 3)]","[16, 8, 64]","(3, 3)",15,0.005,5.6800458970053125
3,e1b0b2d7-4f4b-438e-8cfb-b66b8f4dcf78,untrimmed,2,114458,30,0.1,tanh,mae,rmsprop,98.0,3,3,"[32, 64, 64]","[(7, 7), (4, 4), (7, 7)]","[8, 8, 32]","(4, 4)",15,0.02,5.824533719614237
3,45fa02ae-3103-4e03-a8cb-c9b59bb29891,untrimmed,2,114458,30,0.1,tanh,mae,adam,92.0,3,3,"[64, 8, 64]","[(8, 8), (5, 5), (7, 7)]","[8, 16, 32]","(2, 2)",15,0.005,5.708148353490503
3,3c0ce797-e8cf-4648-91da-d5022c2f68da,untrimmed,2,114458,30,0.15,tanh,mae,adam,96.0,2,1,"[32, 8]","[(7, 7), (7, 7)]",[8],"(2, 2)",15,0.05,9.416221664039053
3,5c181a68-bae2-4577-81b4-f537c8916317,untrimmed,2,114458,35,0.1,tanh,mae,rmsprop,92.0,3,3,"[32, 64, 8]","[(7, 7), (4, 4), (3, 3)]","[8, 8, 32]","(4, 4)",15,0.005,5.381335656299946
3,c865a76c-d833-4c45-b4ac-73b576509472,untrimmed,2,114458,30,0.1,tanh,mae,adam,98.0,3,3,"[32, 8, 64]","[(7, 7), (5, 5), (7, 7)]","[8, 64, 32]","(2, 2)",15,0.005,5.485586430138419
3,5b2d4c1f-3eb2-4108-9959-0df54aa7fc8f,untrimmed,2,114458,25,0.3,tanh,mae,rmsprop,90.0,3,3,"[64, 64, 64]","[(5, 5), (4, 4), (7, 7)]","[8, 16, 8]","(2, 2)",5,0.005,6.326165269254134
3,572c64fc-ba5e-4399-aeb4-0356821f8725,untrimmed,2,114458,30,0.1,tanh,mae,adam,90.0,3,3,"[32, 64, 64]","[(7, 7), (4, 4), (7, 7)]","[8, 16, 32]","(2, 2)",15,0.005,5.373537596530872
3,b885a534-4704-4e63-a69f-c6d2a72fdb6a,untrimmed,2,114458,35,0.1,tanh,mae,rmsprop,98.0,2,3,"[32, 8]","[(7, 7), (7, 7)]","[8, 8, 16]","(4, 4)",15,0.01,5.568096506694152
3,7a5f75a5-e23d-401e-acf5-f93ea89acf07,untrimmed,2,114458,25,0.3,relu,mae,rmsprop,96.0,3,3,"[64, 8, 8]","[(5, 5), (5, 5), (4, 4)]","[8, 16, 32]","(2, 2)",15,0.005,6.850809129853842
3,fccbd586-b66c-43a2-8ac0-94dfb2e31cd0,untrimmed,2,114458,20,0.15,tanh,mae,rmsprop,80.0,3,1,"[64, 64, 64]","[(8, 8), (4, 4), (4, 4)]",[8],"(3, 3)",15,0.01,5.741669988048518
3,a8b4b74b-8f13-4102-bdaa-9fa6901d6ae4,untrimmed,2,114458,35,0.3,tanh,mae,rmsprop,90.0,3,3,"[64, 64, 8]","[(8, 8), (4, 4), (3, 3)]","[8, 16, 32]","(2, 2)",5,0.005,6.685920350498517
3,5d53bffa-8fce-42f1-89b5-67938d9af32e,untrimmed,2,114458,35,0.1,tanh,mae,adam,98.0,3,3,"[32, 64, 64]","[(7, 7), (4, 4), (7, 7)]","[8, 64, 32]","(4, 4)",15,0.02,5.649072836369474
3,0cf12c7a-2670-49cf-8073-65010555d32e,untrimmed,2,114458,35,0.15,tanh,mae,rmsprop,90.0,3,1,"[32, 64, 8]","[(7, 7), (4, 4), (4, 4)]",[16],"(3, 3)",5,0.005,5.966615588744935
3,3439ef25-0cd0-466c-8423-3c4943125ce7,untrimmed,2,114458,20,0.3,tanh,mae,rmsprop,90.0,3,3,"[32, 64, 8]","[(7, 7), (4, 4), (4, 4)]","[16, 16, 32]","(2, 2)",15,0.01,6.295993647272226
3,f12cf301-4cf6-4dfc-98f8-21cfbdcb651c,untrimmed,2,114458,35,0.15,tanh,mae,rmsprop,80.0,2,1,"[32, 64]","[(7, 7), (4, 4)]",[16],"(3, 3)",15,0.02,7.117520029856028
3,bd276f4f-1b83-45bc-afc0-8da3db978d46,untrimmed,2,114458,35,0.3,tanh,mae,rmsprop,90.0,2,3,"[32, 64]","[(7, 7), (4, 4)]","[8, 16, 32]","(3, 3)",5,0.01,7.656251434770324
3,1e93268d-814b-4b56-bc07-4cc5151b5e11,untrimmed,2,114458,35,0.15,relu,mae,rmsprop,80.0,3,3,"[32, 8, 8]","[(7, 7), (7, 7), (4, 4)]","[16, 16, 32]","(3, 3)",5,0.01,7.5742198844172295
3,4845d891-7f43-4baf-9c72-8c2a53ae6d5b,untrimmed,2,114458,35,0.3,tanh,mae,rmsprop,90.0,3,3,"[32, 64, 8]","[(7, 7), (4, 4), (3, 3)]","[8, 16, 16]","(4, 4)",5,0.005,6.718738948169886
3,97b7dfe8-a03e-4bee-897a-5715e0381d28,untrimmed,2,114458,35,0.3,relu,mae,rmsprop,90.0,3,2,"[32, 64, 8]","[(7, 7), (4, 4), (4, 4)]","[8, 16]","(2, 2)",5,0.005,6.102992383404482
3,e696d05f-8627-48d3-b354-661d58ded2ca,untrimmed,2,114458,35,0.3,relu,mae,rmsprop,92.0,3,3,"[32, 64, 8]","[(7, 7), (4, 4), (4, 4)]","[8, 16, 32]","(2, 2)",15,0.005,6.323075391618114
3,e3524f65-672f-4b06-beda-50447729ec0e,untrimmed,2,114458,35,0.3,tanh,mae,rmsprop,80.0,3,1,"[16, 64, 16]","[(7, 7), (4, 4), (5, 5)]",[8],"(3, 3)",15,0.005,5.7837591810015505
3,72eb7b1f-b0f2-48b3-beae-8568dd3facef,untrimmed,2,114458,20,0.15,tanh,mae,rmsprop,80.0,2,3,"[32, 8]","[(7, 7), (7, 7)]","[16, 8, 32]","(4, 4)",15,0.02,6.911845233127233
3,79c339f6-65d7-4aba-baa1-b596fb73cc66,untrimmed,2,114458,35,0.3,relu,mae,rmsprop,96.0,3,3,"[32, 64, 64]","[(7, 7), (4, 4), (7, 7)]","[8, 64, 32]","(2, 2)",15,0.005,5.876653107094721
3,c96c8bf7-33f0-4b15-9e9e-414eab7534c9,untrimmed,2,114458,35,0.3,relu,mae,rmsprop,92.0,3,3,"[64, 64, 8]","[(8, 8), (4, 4), (4, 4)]","[8, 16, 32]","(2, 2)",5,0.005,6.333882636025892
3,6ab32427-8204-434e-95b1-9424a2a5e987,untrimmed,2,114458,20,0.15,tanh,mae,rmsprop,80.0,3,2,"[16, 64, 8]","[(7, 7), (4, 4), (8, 8)]","[16, 16]","(3, 3)",5,0.005,5.96120600769892
3,00097a51-2a5a-44aa-b381-1f641b3b07e8,untrimmed,2,114458,35,0.3,tanh,mae,rmsprop,98.0,3,3,"[32, 64, 8]","[(7, 7), (4, 4), (4, 4)]","[8, 8, 32]","(2, 2)",5,0.02,8.172887306358916
3,80687c73-4409-4762-8746-ecfbd8da318f,untrimmed,2,114458,35,0.3,relu,mae,rmsprop,90.0,3,3,"[32, 64, 8]","[(7, 7), (4, 4), (4, 4)]","[8, 16, 32]","(2, 2)",5,0.005,7.005754244771856
3,1c015277-552f-4d56-a38e-c5728eb4b483,untrimmed,2,114458,35,0.1,relu,mae,rmsprop,96.0,3,3,"[32, 64, 64]","[(7, 7), (4, 4), (7, 7)]","[8, 64, 32]","(2, 2)",5,0.005,6.146171102760952
3,bd070894-fb4b-4326-9b6c-6d043b6dc830,untrimmed,2,114458,25,0.3,relu,mae,rmsprop,90.0,3,3,"[64, 64, 8]","[(5, 5), (4, 4), (4, 4)]","[8, 16, 32]","(2, 2)",5,0.005,6.844226540562895
3,bd8ef076-9ef7-475e-9b27-e6a5369cdeb8,untrimmed,2,114458,35,0.1,relu,mae,rmsprop,98.0,3,3,"[32, 64, 64]","[(7, 7), (4, 4), (7, 7)]","[8, 8, 32]","(2, 2)",5,0.02,14.49564198501755
3,fabbefed-945a-45f7-9c6a-a9e2663b0cb2,untrimmed,2,114458,35,0.1,tanh,mae,rmsprop,80.0,2,3,"[32, 64]","[(7, 7), (4, 4)]","[16, 8, 64]","(3, 3)",15,0.02,6.518669931299959
3,cb1018d2-cbd6-4fd8-a0e2-ccf88d4a6e90,untrimmed,2,114458,20,0.15,tanh,mae,rmsprop,80.0,2,3,"[16, 8]","[(7, 7), (7, 7)]","[16, 64, 32]","(4, 4)",15,0.02,6.022260282131062
3,7d7989f7-ae5e-4d94-b793-f17b0afd03a5,untrimmed,2,114458,30,0.3,tanh,mae,rmsprop,92.0,3,3,"[32, 8, 8]","[(7, 7), (5, 5), (3, 3)]","[8, 64, 16]","(2, 2)",15,0.005,5.8214627262554135
3,746193db-7644-4b35-b4ef-466e2554a709,untrimmed,2,114458,30,0.3,tanh,mae,rmsprop,92.0,3,3,"[64, 64, 8]","[(8, 8), (4, 4), (3, 3)]","[8, 64, 16]","(4, 4)",15,0.005,6.585260053698359
3,67cc0057-a549-4d4b-b4e5-3ae2956058b3,untrimmed,2,114458,35,0.3,relu,mae,rmsprop,90.0,3,3,"[64, 64, 8]","[(5, 5), (4, 4), (4, 4)]","[16, 16, 32]","(2, 2)",5,0.005,6.833466237860557
3,b1ffcc1b-0269-4c9e-8b1b-03f625d1ff4b,untrimmed,2,114458,20,0.3,tanh,mae,rmsprop,92.0,3,1,"[64, 64, 8]","[(8, 8), (4, 4), (3, 3)]",[16],"(3, 3)",15,0.005,6.5133296628572905
4,d496590f-6b1f-4a2e-92ce-1aca5c458512,untrimmed,2,114458,35,0.1,tanh,mae,rmsprop,92.0,3,3,"[32, 64, 8]","[(7, 7), (4, 4), (3, 3)]","[8, 8, 32]","(4, 4)",15,0.005,5.195194545171759
4,62c116bd-c09e-4cd4-8b9d-89480c3cd717,untrimmed,2,114458,35,0.1,tanh,mae,adam,98.0,3,3,"[32, 64, 64]","[(7, 7), (4, 4), (7, 7)]","[8, 8, 32]","(4, 4)",15,0.005,5.338481745653497
4,7333284a-70dd-4531-962c-f720cf50a22b,untrimmed,2,114458,35,0.3,tanh,mae,rmsprop,92.0,3,3,"[64, 64, 8]","[(8, 8), (4, 4), (4, 4)]","[8, 16, 16]","(4, 4)",15,0.005,5.572312963371623
4,97c351fa-6f64-4dd2-88fe-698b8d158c9e,untrimmed,2,114458,30,0.1,tanh,mae,adam,98.0,3,3,"[32, 8, 64]","[(7, 7), (5, 5), (7, 7)]","[8, 64, 32]","(2, 2)",15,0.005,5.66573934306602
4,54c1d76a-e60f-4f69-8e98-a19e7dc66cda,untrimmed,2,114458,35,0.1,tanh,mae,rmsprop,98.0,2,3,"[32, 8]","[(7, 7), (7, 7)]","[8, 8, 16]","(4, 4)",15,0.01,5.859986201678603
4,c58a5d42-1d13-425c-9481-c246b1f923a5,untrimmed,2,114458,30,0.1,tanh,mae,adam,98.0,2,3,"[32, 64]","[(7, 7), (4, 4)]","[8, 8, 16]","(4, 4)",15,0.01,5.713848867286391
4,bfbcdcce-07b7-4dc3-9a1f-8d8f370f2b44,untrimmed,2,114458,30,0.1,tanh,mae,adam,98.0,3,3,"[32, 8, 64]","[(7, 7), (5, 5), (7, 7)]","[8, 16, 32]","(2, 2)",15,0.005,5.537944587196101
4,1e3c4207-5a69-4864-8a87-0f3d25b5eefa,untrimmed,2,114458,35,0.3,tanh,mae,rmsprop,98.0,3,3,"[64, 64, 8]","[(8, 8), (4, 4), (4, 4)]","[8, 8, 16]","(4, 4)",15,0.01,6.583934587108033
4,a915a61d-3d1d-4d97-a29b-7e96f273762d,untrimmed,2,114458,35,0.1,tanh,mae,rmsprop,92.0,3,3,"[32, 64, 8]","[(7, 7), (4, 4), (4, 4)]","[8, 8, 32]","(4, 4)",15,0.005,5.1802257247411685
4,b7fe74c2-cea1-4cb1-b3ec-b3c001a29aa7,untrimmed,2,114458,30,0.1,tanh,mae,adam,90.0,3,3,"[32, 64, 64]","[(7, 7), (4, 4), (7, 7)]","[8, 16, 32]","(2, 2)",15,0.005,5.587266575347451
4,0f2adcd6-0f3c-4189-9e5c-388d7f114e0a,untrimmed,2,114458,30,0.1,tanh,mae,rmsprop,90.0,3,3,"[32, 64, 8]","[(7, 7), (4, 4), (4, 4)]","[8, 16, 32]","(4, 4)",15,0.005,5.8169093051210385
4,72a271e6-bc5e-4f82-bce9-a958a27343ca,untrimmed,2,114458,35,0.1,tanh,mae,rmsprop,92.0,3,3,"[32, 8, 8]","[(7, 7), (7, 7), (3, 3)]","[8, 8, 32]","(4, 4)",15,0.005,5.245609032545961
4,172b8717-d52c-49bc-94ac-caae3f3b2040,untrimmed,2,114458,35,0.1,tanh,mae,rmsprop,92.0,3,3,"[32, 64, 8]","[(7, 7), (4, 4), (4, 4)]","[8, 16, 16]","(4, 4)",15,0.005,5.603384058462125
4,30de4fd3-9549-4127-9f35-fb223e4b22b7,untrimmed,2,114458,35,0.1,tanh,mae,rmsprop,98.0,3,3,"[64, 64, 64]","[(8, 8), (4, 4), (7, 7)]","[8, 8, 32]","(4, 4)",15,0.005,5.403539431121066
4,da0380be-6ec4-4068-842c-9860625d8493,untrimmed,2,114458,35,0.1,tanh,mae,rmsprop,92.0,3,3,"[64, 64, 8]","[(8, 8), (4, 4), (3, 3)]","[8, 16, 32]","(4, 4)",15,0.005,5.195963520753242
4,5cfab09d-a347-45aa-b3a3-66e9db247aef,untrimmed,2,114458,35,0.1,tanh,mae,adam,98.0,3,3,"[32, 64, 64]","[(7, 7), (4, 4), (7, 7)]","[8, 8, 32]","(4, 4)",15,0.005,5.428757002535994
4,e28f0824-e1d8-4d9c-a0ac-0171b054d14a,untrimmed,2,114458,35,0.1,tanh,mae,adam,92.0,3,3,"[32, 64, 64]","[(7, 7), (4, 4), (7, 7)]","[8, 8, 32]","(4, 4)",15,0.005,5.224744009526173
4,fb8a23a9-1f0a-43e0-a4ff-e8cb81f086c9,untrimmed,2,114458,30,0.1,tanh,mae,rmsprop,86.0,3,3,"[32, 64, 64]","[(7, 7), (4, 4), (7, 7)]","[8, 64, 32]","(2, 2)",15,0.005,5.530005114575575
4,ecd10a1b-6e18-4c8e-9d45-59caecaf00f9,untrimmed,2,114458,30,0.3,tanh,mae,adam,92.0,3,3,"[64, 64, 8]","[(8, 8), (4, 4), (4, 4)]","[8, 16, 32]","(2, 2)",15,0.005,5.73127663241317
4,ed2c487d-ab21-4d32-8914-5d61df9b297b,untrimmed,2,114458,35,0.1,tanh,mae,adam,98.0,3,3,"[32, 64, 64]","[(7, 7), (4, 4), (7, 7)]","[8, 8, 32]","(2, 2)",15,0.005,5.617239581400377
4,74b1ea72-912b-4bc0-a280-af45f35ebe7a,untrimmed,2,114458,35,0.1,tanh,mae,rmsprop,98.0,2,3,"[32, 64]","[(7, 7), (4, 4)]","[8, 8, 32]","(2, 2)",15,0.005,5.97807356371745
4,23860c84-6d28-484f-86ad-c677682e0f81,untrimmed,2,114458,35,0.1,tanh,mae,adam,90.0,3,3,"[32, 64, 64]","[(7, 7), (4, 4), (7, 7)]","[8, 8, 32]","(4, 4)",15,0.005,5.416525880746866
4,84911b92-de47-4040-9557-e390a07d73a0,untrimmed,2,114458,35,0.1,tanh,mae,rmsprop,98.0,2,3,"[32, 64]","[(7, 7), (4, 4)]","[8, 8, 16]","(4, 4)",15,0.005,5.407215270759439
4,50ba0da4-a627-4896-a783-af64e4bafa0c,untrimmed,2,114458,35,0.1,tanh,mae,rmsprop,98.0,3,3,"[32, 8, 16]","[(7, 7), (7, 7), (8, 8)]","[8, 64, 16]","(2, 2)",15,0.01,5.805563301302942
4,d0ec56fb-355c-436d-acdb-c9eac3c169d0,untrimmed,2,114458,35,0.3,tanh,mae,rmsprop,98.0,2,3,"[32, 64]","[(7, 7), (4, 4)]","[8, 8, 16]","(4, 4)",15,0.005,6.106059387893485
4,4e26947b-c993-4e42-a339-cd85dde650a9,untrimmed,2,114458,35,0.3,tanh,mae,rmsprop,98.0,3,3,"[64, 8, 64]","[(8, 8), (5, 5), (7, 7)]","[8, 16, 32]","(4, 4)",15,0.005,5.918987192299069
4,10bc708f-39a4-4836-ad6f-10429db579a9,untrimmed,2,114458,30,0.1,tanh,mae,adam,98.0,3,3,"[32, 8, 16]","[(7, 7), (7, 7), (4, 4)]","[8, 8, 16]","(4, 4)",15,0.005,5.7894689468166565
4,f9c77e79-48cc-498e-84b0-25025687e903,untrimmed,2,114458,35,0.1,tanh,mae,rmsprop,90.0,3,3,"[32, 64, 64]","[(7, 7), (4, 4), (7, 7)]","[8, 8, 32]","(2, 2)",15,0.005,5.740395611461095
4,a5974d9c-6ca4-40d8-a2b6-33545bf22ddf,untrimmed,2,114458,30,0.1,tanh,mae,adam,98.0,3,3,"[32, 64, 64]","[(7, 7), (4, 4), (7, 7)]","[8, 64, 32]","(2, 2)",15,0.005,5.6887897123336755
4,003cc2e2-eb9d-45ac-a0ec-314ef38045e9,untrimmed,2,114458,35,0.3,tanh,mae,rmsprop,98.0,3,3,"[32, 64, 64]","[(7, 7), (4, 4), (7, 7)]","[8, 8, 32]","(4, 4)",15,0.005,5.5295584308492955
4,b0e68273-c8d0-4170-8c94-1ff0402ab27f,untrimmed,2,114458,30,0.1,tanh,mae,adam,98.0,2,3,"[32, 8]","[(7, 7), (7, 7)]","[8, 16, 32]","(4, 4)",15,0.005,5.825836233070985
4,71d19cac-8874-48c4-9d32-7c9c7fd1e95d,untrimmed,2,114458,35,0.1,tanh,mae,rmsprop,92.0,3,3,"[32, 8, 8]","[(7, 7), (7, 7), (3, 3)]","[8, 8, 32]","(4, 4)",15,0.005,5.276727022425197
4,a6243054-172e-4612-99c8-4311b63f9016,untrimmed,2,114458,35,0.1,tanh,mae,adam,92.0,3,3,"[32, 64, 64]","[(7, 7), (4, 4), (7, 7)]","[8, 8, 32]","(4, 4)",15,0.005,5.639622737340423
4,3ea943bf-743d-4547-b80e-e5dd9874e7bc,untrimmed,2,114458,30,0.1,tanh,mae,rmsprop,92.0,3,3,"[32, 64, 64]","[(7, 7), (4, 4), (7, 7)]","[8, 8, 32]","(4, 4)",15,0.005,5.1483302464529475
4,a3d4bcf1-51cb-4f28-9692-47c7efdfdf29,untrimmed,2,114458,35,0.1,tanh,mae,adam,98.0,3,3,"[32, 8, 64]","[(7, 7), (5, 5), (7, 7)]","[8, 64, 32]","(2, 2)",15,0.005,5.324650333346107
4,23f8fd36-e108-4583-ac4d-02fb19cced2f,untrimmed,2,114458,35,0.1,tanh,mae,adam,98.0,3,3,"[32, 64, 64]","[(7, 7), (4, 4), (7, 7)]","[8, 8, 32]","(4, 4)",15,0.005,5.363569002077115
4,40ebf49f-247b-49f6-b6fe-5fa0da4e0d14,untrimmed,2,114458,30,0.1,tanh,mae,adam,90.0,3,3,"[32, 64, 64]","[(7, 7), (4, 4), (7, 7)]","[8, 16, 32]","(2, 2)",15,0.005,5.803699176864816
4,e52d15df-f057-49dc-856c-0defd99630c5,untrimmed,2,114458,35,0.1,tanh,mae,adam,92.0,3,3,"[64, 64, 8]","[(8, 8), (4, 4), (4, 4)]","[8, 16, 16]","(4, 4)",15,0.005,5.234842976947017
4,91afdbad-4419-4a8a-aa50-a36e8dd028c2,untrimmed,2,114458,35,0.3,tanh,mae,rmsprop,92.0,3,3,"[64, 64, 8]","[(8, 8), (4, 4), (4, 4)]","[8, 8, 32]","(4, 4)",15,0.005,5.330019354583213
4,4d1bd1fd-501d-459f-8c5b-86c940c170ca,untrimmed,2,114458,35,0.1,tanh,mae,adam,90.0,3,3,"[32, 8, 64]","[(7, 7), (7, 7), (7, 7)]","[8, 16, 32]","(4, 4)",15,0.005,5.843052760444971
4,b790eb84-f764-42cc-8519-79fb0bbeba05,untrimmed,2,114458,35,0.1,tanh,mae,adam,98.0,3,3,"[32, 64, 64]","[(7, 7), (4, 4), (7, 7)]","[8, 8, 32]","(4, 4)",15,0.005,5.153603838888444
4,7684470b-c8b4-4231-ac3e-21f65439ff37,untrimmed,2,114458,30,0.1,tanh,mae,adam,90.0,3,3,"[32, 64, 64]","[(7, 7), (4, 4), (7, 7)]","[8, 16, 32]","(2, 2)",15,0.005,5.388851764934759
4,304de6bc-b6a8-4f2c-8238-3f917b53b5e7,untrimmed,2,114458,35,0.1,tanh,mae,rmsprop,92.0,3,3,"[32, 64, 8]","[(7, 7), (4, 4), (3, 3)]","[8, 8, 32]","(4, 4)",10,0.01,5.758620095492072
4,11bf7285-ee3b-4f95-b68f-abf0458025aa,untrimmed,2,114458,35,0.1,tanh,mae,rmsprop,98.0,3,3,"[32, 64, 64]","[(7, 7), (4, 4), (7, 7)]","[8, 8, 16]","(4, 4)",15,0.01,5.167670786135615
4,f6b95c85-a962-4edf-acec-f58e3a6646d9,untrimmed,2,114458,30,0.3,tanh,mae,adam,92.0,3,3,"[32, 64, 64]","[(7, 7), (4, 4), (7, 7)]","[8, 64, 16]","(4, 4)",15,0.005,5.087555957488371
4,aaec1a6a-cf3f-49a5-a617-65faf6914a16,untrimmed,2,114458,35,0.1,tanh,mae,adam,98.0,3,3,"[32, 16, 8]","[(7, 7), (7, 7), (5, 5)]","[8, 64, 16]","(2, 2)",15,0.005,5.55006353766159
4,589ea9c9-fbf2-4cff-acdf-2b79fb74912c,untrimmed,2,114458,35,0.1,tanh,mae,rmsprop,98.0,2,3,"[32, 64]","[(7, 7), (4, 4)]","[8, 8, 16]","(4, 4)",15,0.01,5.6412726943349005
4,c932415f-a388-40ef-a5b7-7041e4115086,untrimmed,2,114458,30,0.1,tanh,mae,rmsprop,98.0,2,3,"[32, 8]","[(7, 7), (7, 7)]","[8, 64, 32]","(2, 2)",15,0.005,6.282471821471888
4,0039304a-3946-4553-b386-e5990e9d1abe,untrimmed,2,114458,30,0.1,tanh,mae,rmsprop,90.0,3,3,"[32, 64, 64]","[(7, 7), (4, 4), (7, 7)]","[8, 8, 32]","(2, 2)",15,0.005,5.2529665705694475
4,8fa402e1-08e4-4a57-a2b3-44021b0d0c96,untrimmed,2,114458,35,0.1,tanh,mae,rmsprop,90.0,3,3,"[64, 64, 8]","[(8, 8), (4, 4), (4, 4)]","[8, 16, 32]","(2, 2)",15,0.005,5.51083306486138
5,029b9309-de8b-469f-8636-6714fb28630c,untrimmed,2,114458,30,0.3,tanh,mae,adam,92.0,3,3,"[32, 64, 64]","[(7, 7), (4, 4), (7, 7)]","[8, 64, 16]","(4, 4)",15,0.005,5.394617295232334
5,6a5679bb-c0e1-4d23-9aeb-4235cdb2c962,untrimmed,2,114458,35,0.1,tanh,mae,rmsprop,98.0,3,3,"[32, 64, 64]","[(7, 7), (4, 4), (7, 7)]","[8, 8, 16]","(4, 4)",15,0.01,5.883886228931425
5,9ff02267-4c31-4a8b-bf26-9e2b53b3740f,untrimmed,2,114458,30,0.1,tanh,mae,rmsprop,92.0,3,3,"[32, 64, 64]","[(7, 7), (4, 4), (7, 7)]","[8, 8, 32]","(4, 4)",15,0.005,5.338594023762984
5,a16e1fe4-a54e-4251-a1c6-69f46e666973,untrimmed,2,114458,35,0.1,tanh,mae,rmsprop,92.0,3,3,"[32, 64, 8]","[(7, 7), (4, 4), (4, 4)]","[8, 8, 32]","(4, 4)",15,0.005,5.476044109833716
5,1d2fb30b-1865-47a8-ab60-46e235962ea1,untrimmed,2,114458,35,0.1,tanh,mae,adam,98.0,3,3,"[32, 64, 64]","[(7, 7), (4, 4), (7, 7)]","[8, 8, 32]","(4, 4)",15,0.005,5.662111526237567
5,b8dc35e3-00ef-4009-b787-49b05d3bb7d5,untrimmed,2,114458,35,0.1,tanh,mae,rmsprop,98.0,3,3,"[32, 64, 64]","[(7, 7), (4, 4), (7, 7)]","[8, 8, 32]","(4, 4)",15,0.005,5.340947260853163
5,c08d4583-b49a-4c9d-a63a-f44353c8cb4e,untrimmed,2,114458,35,0.1,tanh,mae,rmsprop,92.0,3,3,"[32, 64, 64]","[(7, 7), (4, 4), (7, 7)]","[8, 8, 32]","(4, 4)",15,0.01,5.570627352674412
5,a560e529-8ee8-4320-bda6-832589b48240,untrimmed,2,114458,35,0.1,tanh,mae,rmsprop,92.0,3,3,"[32, 64, 8]","[(7, 7), (4, 4), (3, 3)]","[8, 8, 32]","(4, 4)",15,0.005,5.233904333819976
5,8571d273-4ac1-4aa1-89e1-ae4ec8676de2,untrimmed,2,114458,35,0.1,tanh,mae,rmsprop,98.0,3,3,"[32, 64, 64]","[(7, 7), (4, 4), (7, 7)]","[8, 8, 32]","(4, 4)",15,0.005,5.297280165117027
5,d2c83287-5568-4f91-94dc-f512f537a643,untrimmed,2,114458,30,0.1,tanh,mae,adam,92.0,3,3,"[32, 64, 64]","[(7, 7), (4, 4), (7, 7)]","[8, 64, 32]","(4, 4)",15,0.005,5.077517776422953
5,282859c0-9126-4d12-9af1-24464fe45d2c,untrimmed,2,114458,30,0.3,tanh,mae,rmsprop,92.0,3,3,"[32, 64, 64]","[(7, 7), (4, 4), (7, 7)]","[8, 64, 16]","(4, 4)",15,0.005,5.65887455027198
5,54f39e21-508f-4d23-bf55-79f9adb0aa16,untrimmed,2,114458,35,0.1,tanh,mae,adam,98.0,3,3,"[32, 64, 64]","[(7, 7), (4, 4), (7, 7)]","[8, 8, 32]","(4, 4)",15,0.005,5.777373949688191
5,f9209a43-7a18-4df1-bf8c-b273665cd27c,untrimmed,2,114458,30,0.3,tanh,mae,rmsprop,92.0,3,3,"[32, 64, 64]","[(7, 7), (4, 4), (7, 7)]","[8, 8, 16]","(4, 4)",15,0.005,5.6304056102234075
5,aff435b8-d591-4045-938b-ce48fce0749e,untrimmed,2,114458,30,0.1,tanh,mae,rmsprop,92.0,3,3,"[32, 64, 64]","[(7, 7), (4, 4), (7, 7)]","[8, 8, 32]","(4, 4)",15,0.005,5.192764445843901
5,072667b6-35e6-48de-a3a3-30d370b15969,untrimmed,2,114458,35,0.1,tanh,mae,rmsprop,92.0,3,3,"[32, 64, 64]","[(7, 7), (4, 4), (7, 7)]","[8, 8, 32]","(4, 4)",15,0.005,5.520245720129235
5,e89d19e0-9fb9-4c9e-9f0c-01ba5642cadf,untrimmed,2,114458,25,0.1,tanh,mae,adam,98.0,3,3,"[32, 64, 8]","[(7, 7), (4, 4), (4, 4)]","[8, 8, 32]","(4, 4)",15,0.005,5.463541536772276
5,fd1e47c2-1615-4809-bfa5-3a6fda963267,untrimmed,2,114458,35,0.1,tanh,mae,rmsprop,98.0,3,3,"[32, 64, 64]","[(7, 7), (4, 4), (7, 7)]","[8, 8, 32]","(4, 4)",15,0.005,5.264822933279083
5,8dadc033-9ee6-413c-b384-f102122e1fd8,untrimmed,2,114458,35,0.1,tanh,mae,adam,98.0,3,3,"[32, 64, 64]","[(7, 7), (4, 4), (7, 7)]","[8, 8, 32]","(4, 4)",15,0.01,5.6670984102532085
5,d3918e5d-eb2f-4f41-a973-b7dd07daeaca,untrimmed,2,114458,35,0.3,tanh,mae,adam,92.0,3,3,"[32, 64, 64]","[(7, 7), (4, 4), (7, 7)]","[8, 8, 32]","(4, 4)",15,0.005,5.190808853645047
5,925b65b6-6ae6-446e-a916-2549b2f04411,untrimmed,2,114458,35,0.1,tanh,mae,adam,98.0,3,3,"[32, 64, 64]","[(7, 7), (4, 4), (7, 7)]","[8, 8, 32]","(4, 4)",15,0.005,5.196040604028621
5,b7a5f3da-591e-4030-a52b-3b0d91a774e3,untrimmed,2,114458,30,0.1,tanh,mae,rmsprop,92.0,3,3,"[32, 64, 8]","[(7, 7), (4, 4), (4, 4)]","[8, 8, 32]","(4, 4)",15,0.005,5.287086082999219
5,71e4207e-719b-4399-9de1-0580024cd127,untrimmed,2,114458,30,0.3,tanh,mae,adam,92.0,3,3,"[32, 64, 64]","[(7, 7), (4, 4), (7, 7)]","[8, 64, 32]","(4, 4)",15,0.005,5.388517644787515
5,7fdf1bbb-9a17-4c8b-8299-eb4a991b2117,untrimmed,2,114458,35,0.1,tanh,mae,rmsprop,98.0,3,3,"[32, 64, 64]","[(7, 7), (4, 4), (7, 7)]","[8, 8, 32]","(4, 4)",15,0.005,5.2684694549471605
5,e492ad55-84f0-4ef0-a0ce-5180d7c91632,untrimmed,2,114458,35,0.3,tanh,mae,rmsprop,92.0,3,3,"[32, 64, 64]","[(7, 7), (4, 4), (7, 7)]","[8, 64, 16]","(4, 4)",15,0.005,6.147219560962573
5,23116899-eff9-4b93-891b-13236402625b,untrimmed,2,114458,35,0.1,tanh,mae,rmsprop,92.0,3,3,"[32, 64, 64]","[(7, 7), (4, 4), (7, 7)]","[8, 8, 16]","(4, 4)",15,0.005,5.024759217574564
5,d6cd1031-bf54-4b0a-b143-f0861f524cbb,untrimmed,2,114458,35,0.1,tanh,mae,rmsprop,98.0,3,3,"[32, 64, 64]","[(7, 7), (4, 4), (7, 7)]","[8, 8, 16]","(4, 4)",15,0.01,6.189030836196016
5,e63a0ea6-bd51-475d-b464-ade72276ef23,untrimmed,2,114458,30,0.3,tanh,mae,rmsprop,98.0,3,3,"[32, 64, 64]","[(7, 7), (4, 4), (7, 7)]","[8, 8, 16]","(4, 4)",15,0.01,6.072669536253013
5,fedc2796-471c-4469-8d1c-1237e3660d38,untrimmed,2,114458,35,0.1,tanh,mae,adam,92.0,3,3,"[32, 64, 64]","[(7, 7), (4, 4), (7, 7)]","[8, 8, 32]","(4, 4)",15,0.005,5.292545499232653
5,89240af8-7782-434d-89df-cd4da96f7cfd,untrimmed,2,114458,35,0.1,tanh,mae,adam,92.0,3,3,"[32, 64, 64]","[(7, 7), (4, 4), (7, 7)]","[8, 8, 32]","(4, 4)",15,0.005,5.00917909580322
5,453482dc-a55c-4314-879a-42da82bd6878,untrimmed,2,114458,35,0.1,tanh,mae,adam,92.0,3,3,"[32, 64, 8]","[(7, 7), (4, 4), (4, 4)]","[8, 8, 32]","(4, 4)",15,0.005,5.496527435066666
5,edd818b2-25d0-490c-abb2-e2394a563c70,untrimmed,2,114458,35,0.1,tanh,mae,rmsprop,98.0,3,3,"[32, 64, 64]","[(7, 7), (4, 4), (7, 7)]","[8, 8, 32]","(4, 4)",15,0.005,5.156214507083999
5,b6723d12-737f-436a-a9af-78e0275064f2,untrimmed,2,114458,35,0.1,tanh,mae,rmsprop,98.0,3,3,"[32, 64, 64]","[(7, 7), (4, 4), (7, 7)]","[8, 8, 32]","(4, 4)",15,0.005,5.11851535434765
5,5bbe4605-b999-4c54-9414-d33aa2d0bb48,untrimmed,2,114458,35,0.1,tanh,mae,rmsprop,92.0,3,3,"[32, 64, 64]","[(7, 7), (4, 4), (7, 7)]","[8, 8, 32]","(4, 4)",15,0.005,5.419228644060295
5,e8fa6152-f82f-4342-ac6b-46d0d62914be,untrimmed,2,114458,35,0.1,tanh,mae,adam,92.0,3,3,"[32, 64, 8]","[(7, 7), (4, 4), (4, 4)]","[8, 8, 32]","(4, 4)",15,0.005,5.297496239939177
5,3ebb10f7-de10-489c-bb31-6c833ab66bc0,untrimmed,2,114458,30,0.1,tanh,mae,rmsprop,92.0,3,3,"[32, 64, 64]","[(7, 7), (4, 4), (7, 7)]","[8, 8, 32]","(4, 4)",15,0.005,5.097592888007695
5,5b0d8fac-75c1-45e8-968f-417b1047a8b8,untrimmed,2,114458,35,0.1,tanh,mae,rmsprop,92.0,3,3,"[32, 64, 64]","[(7, 7), (4, 4), (7, 7)]","[8, 8, 32]","(4, 4)",15,0.005,5.191042425022026
5,ae8283c0-5120-4b21-aefd-f4c804c14776,untrimmed,2,114458,30,0.3,tanh,mae,adam,98.0,3,3,"[32, 64, 64]","[(7, 7), (4, 4), (7, 7)]","[8, 8, 32]","(4, 4)",15,0.005,5.363152788672945
5,cc6d624b-0e36-42f1-b28d-b9853e622a86,untrimmed,2,114458,30,0.1,tanh,mae,rmsprop,92.0,3,2,"[32, 64, 64]","[(7, 7), (4, 4), (7, 7)]","[64, 8]","(4, 4)",15,0.005,5.847143990832695
5,fa845602-8f07-4b8a-be76-63a9cca673a1,untrimmed,2,114458,30,0.1,tanh,mae,rmsprop,92.0,3,3,"[32, 64, 64]","[(7, 7), (4, 4), (7, 7)]","[8, 8, 32]","(4, 4)",15,0.005,5.137677121042998
5,2dda598d-59db-44fa-8820-ac01c118504e,untrimmed,2,114458,35,0.1,tanh,mae,rmsprop,98.0,3,3,"[32, 64, 64]","[(7, 7), (4, 4), (7, 7)]","[8, 8, 32]","(4, 4)",15,0.01,5.691248619153612
5,d7ef166a-63c0-4844-8296-c947272bd120,untrimmed,2,114458,30,0.1,tanh,mae,rmsprop,92.0,3,3,"[32, 64, 8]","[(7, 7), (4, 4), (4, 4)]","[8, 64, 16]","(4, 4)",15,0.005,5.1855175475429265
5,ac0a21d8-0533-4af3-84ac-e35f31e58e67,untrimmed,2,114458,30,0.1,tanh,mae,rmsprop,98.0,3,3,"[32, 64, 64]","[(7, 7), (4, 4), (7, 7)]","[8, 8, 32]","(4, 4)",15,0.01,5.964285948712678
5,59304fe2-4169-4708-b148-5709e08be590,untrimmed,2,114458,35,0.1,tanh,mae,rmsprop,98.0,3,3,"[32, 64, 64]","[(7, 7), (4, 4), (7, 7)]","[8, 8, 32]","(4, 4)",15,0.005,5.06284453092102
5,1987796c-10a9-4f20-b58a-440d41f926e0,untrimmed,2,114458,35,0.1,tanh,mae,rmsprop,92.0,3,3,"[32, 64, 64]","[(7, 7), (4, 4), (7, 7)]","[8, 8, 32]","(4, 4)",15,0.005,5.175562066476398
5,8be0b769-d67a-4d7f-a7cc-fd654e4017f9,untrimmed,2,114458,30,0.3,tanh,mae,rmsprop,92.0,3,3,"[32, 64, 8]","[(7, 7), (4, 4), (4, 4)]","[8, 64, 16]","(4, 4)",15,0.005,5.477382621861359
5,03bf0116-b44d-40eb-9681-73b2deece554,untrimmed,2,114458,30,0.1,tanh,mae,rmsprop,92.0,3,3,"[32, 64, 64]","[(7, 7), (4, 4), (7, 7)]","[8, 64, 16]","(4, 4)",15,0.005,5.384257906456856
5,720e0d4f-8c62-4a7e-baaa-df1adbd6df94,untrimmed,2,114458,35,0.1,tanh,mae,rmsprop,98.0,3,3,"[32, 64, 64]","[(7, 7), (4, 4), (7, 7)]","[8, 8, 16]","(4, 4)",15,0.005,5.126112188434673
5,4c751907-8c31-4137-831a-4bb1513fff3e,untrimmed,2,114458,35,0.1,tanh,mae,rmsprop,92.0,3,3,"[32, 64, 64]","[(7, 7), (4, 4), (7, 7)]","[8, 8, 32]","(4, 4)",15,0.01,5.251678525440504
5,b6fe663c-518f-48dd-af1f-03a3b16a0ce1,untrimmed,2,114458,35,0.1,tanh,mae,rmsprop,92.0,3,3,"[32, 64, 8]","[(7, 7), (4, 4), (3, 3)]","[8, 8, 32]","(4, 4)",15,0.005,5.640589978165322
5,87e1d21a-112a-4a54-907d-ed3001f0b5eb,untrimmed,2,114458,35,0.1,tanh,mae,rmsprop,92.0,2,3,"[32, 64]","[(7, 7), (8, 8)]","[8, 8, 32]","(4, 4)",15,0.005,5.376870488954149
